,IRUC,L,K,T,VP,year
0,00000011468,0.0,251869.0,676354.0,6035519.0,2016
1,00000109744,207.0,140916.0,1662367.0,44379203.0,2016
2,00000110828,0.0,169302.0,11222430.0,183841545.0,2016
3,00000026893,0.0,138898.0,-603421.86,41445337.0,2016
4,00000032905,0.0,332699.0,-10441.0,63443119.0,2016
5,00000033329,0.0,0.0,559934.0,7767895.0,2016
6,00000047743,0.0,221293.0,4523.0,151805448.0,2016
7,00000010149,0.0,0.0,900442.0,5883828.0,2016
8,00000017977,403.0,955126.0,11361845.0,291176792.0,2016
9,00000010037,250.0,240291.0,38879365.0,637410953.0,2016
10,00000011636,125.0,468610.0,1166989.0,63801517.0,2016
11,00000010951,29.0,0.0,879212.0,14667621.0,2016
12,00000113066,0.0,143023.0,-58611.0,18432976.0,2016
13,00000030032,0.0,0.0,-11452544.0,221864063.0,2016
14,00000028728,54.0,0.0,29961678.0,134724507.0,2016
15,00000011327,485.0,0.0,3507599.0,71073901.0,2016
16,00000014021,39.0,72284.0,575853.0,19274393.0,2016
17,00000010321,0.0,5252567.0,9229904.0,200186713.0,2016
18,00000012360,0.0,0.0,922167.0,37464466.0,2016
19,00000009998,53.0,3614000.0,21820776.0,154378004.0,2016
20,00000010019,242.0,1952173.0,6694062.0,100363183.0,2016
21,00000121195,0.0,1148181.0,919409.0,21238743.0,2016
22,00000121880,0.0,0.0,1119462.0,18672590.0,2016
23,00000010265,56.0,536637.0,1641081.0,28592414.0,2016
24,00000110829,0.0,696983.0,4857052.0,137257161.0,2016
25,00000015669,0.0,0.0,698345.0,11062824.0,2016
26,00000002640,0.0,0.0,-91967.0,5864478.0,2016
27,00000009832,0.0,0.0,-1352808.0,66900316.0,2016
28,00000009834,0.0,556810.0,-621126.0,33849212.0,2016
29,00000009838,163.0,0.0,23532896.0,504634788.0,2016
30,00000009839,233.0,1638307.0,-51642450.0,339654417.0,2016
31,00000009842,65.0,0.0,6185882.0,157051780.0,2016
32,00000009847,34.0,211788.0,-920221.0,43537565.0,2016
33,00000009850,0.0,0.0,3255628.0,79372354.0,2016
34,00000009851,0.0,0.0,217180.0,63068221.0,2016
35,00000009857,0.0,27653.0,2239654.0,42627977.0,2016
36,00000009861,0.0,309022.0,2146522.0,30689673.0,2016
37,00000009869,166.0,0.0,-13669132.0,347536877.0,2016
38,00000009870,2.0,166879.0,2295013.0,17668314.0,2016
39,00000009873,0.0,2460440.0,30911034.0,484284469.0,2016
40,00000009875,0.0,118462.0,1048765.0,24160363.0,2016
41,00000009876,182.0,88730.0,-34410368.0,258315421.0,2016
42,00000009887,0.0,3743138.0,34764386.0,422335021.0,2016
43,00000009889,0.0,0.0,-242550.0,8223567.0,2016
44,00000009890,168.0,91939.0,3134628.0,120606061.0,2016
45,00000009891,6.0,0.0,925829.0,37598907.0,2016
46,00000009892,391.0,1891737.0,6031702.0,160189999.0,2016
47,00000009901,0.0,0.0,23423066.0,330375531.0,2016
48,00000009917,285.0,187131.0,270636.0,50229839.0,2016
49,00000009919,42.0,0.0,2505965.0,49224777.0,2016
50,00000009931,0.0,0.0,-9364.0,17473455.0,2016
51,00000009939,0.0,0.0,1266183.0,23531621.0,2016
52,00000009940,182.0,0.0,4111741.0,132423032.0,2016
53,00000116426,4.0,0.0,1165531.0,14660441.0,2016
54,00000117231,0.0,0.0,-3222680.0,23467431.0,2016
55,00000117361,24.0,243730.0,593079.0,10379416.0,2016
56,00000117495,0.0,0.0,-46400.0,11620190.0,2016
57,00000118113,0.0,0.0,37920.0,11697053.0,2016
58,00000044876,0.0,238607.0,995039.0,19940945.0,2016
59,00000009951,0.0,0.0,-32318.0,12488992.0,2016
60,00000009959,360.0,0.0,11160428.0,274444102.0,2016
61,00000009960,1036.0,896422.0,-15409125.0,213648188.0,2016
62,00000009964,0.0,0.0,7218563.0,359447459.0,2016
63,00000009975,0.0,0.0,4879659.0,184879846.0,2016
64,00000009977,176.0,0.0,7648645.0,215792320.0,2016
65,00000009980,71.0,428099.0,1628764.0,36648904.0,2016
66,00000009982,0.0,0.0,140285.0,6791462.0,2016
67,00000009991,48.0,432176.0,4156027.0,72651871.0,2016
68,00000009994,118.0,685575.0,7737518.0,127342282.0,2016
69,00000009996,0.0,0.0,2897020.0,53829999.0,2016
70,00000010005,49.0,0.0,717685.0,86325606.0,2016
71,00000010006,0.0,515629.0,289587.0,43128186.0,2016
72,00000010010,1227.0,0.0,-14039292.0,242251326.0,2016
73,00000010011,174.0,0.0,7094027.0,31058570.0,2016
74,00000010013,184.0,0.0,-1250167.0,23415219.0,2016
75,00000010016,0.0,0.0,351626.0,15638213.0,2016
76,00000010020,0.0,90374.0,1760165.0,32829563.0,2016
77,00000010021,0.0,273561.0,1341678.0,14900721.0,2016
78,00000010024,40.0,0.0,3932485.0,85985781.0,2016
79,00000010026,106.0,394229.0,1988692.0,89938931.0,2016
80,00000010027,35.0,0.0,1634895.0,40277494.0,2016
81,00000010030,0.0,0.0,1016101.0,12582795.0,2016
82,00000010032,0.0,0.0,380938.0,23843107.0,2016
83,00000010033,0.0,504669.0,1349447.0,14657119.0,2016
84,00000010034,0.0,0.0,12399900.0,88760834.0,2016
85,00000010038,1532.0,0.0,12392645.0,132221874.0,2016
86,00000010039,77.0,0.0,3665576.0,73228074.0,2016
87,00000010046,0.0,0.0,-1426623.0,28321021.0,2016
88,00000010055,0.0,116605.0,1946725.0,22138242.0,2016
89,00000010064,5.0,0.0,1717237.0,76390154.0,2016
90,00000010066,0.0,0.0,2338146.0,21905828.0,2016
91,00000010068,0.0,1247326.0,4697345.0,41695319.0,2016
92,00000010072,210.0,833017.0,-638116.0,61366806.0,2016
93,00000010074,399.0,0.0,4677730.0,297750440.0,2016
94,00000010085,407.0,0.0,963504.0,59893387.0,2016
95,00000010087,0.0,0.0,422516.0,10944506.0,2016
96,00000010088,0.0,626447.0,5505057.0,172761693.0,2016
97,00000010095,325.0,356875.0,10816848.0,244794904.0,2016
98,00000010098,0.0,543458.0,5165786.0,1000785269.0,2016
99,00000010109,91.0,163333.0,3058047.0,29871360.0,2016
100,00000010116,0.0,291218.0,4563116.0,150525977.0,2016
101,00000010129,0.0,0.0,40417540.0,1073328638.0,2016
102,00000010132,0.0,0.0,-65611589.0,489315971.0,2016
103,00000010138,0.0,0.0,646203.0,15316732.0,2016
104,00000010142,0.0,121191.0,664572.0,22027912.0,2016
105,00000010147,556.0,5869924.0,16954721.0,135068645.0,2016
106,00000010161,37.0,0.0,6465639.0,67323900.0,2016
107,00000010172,115.0,0.0,2118721.0,34931938.0,2016
108,00000010184,0.0,0.0,4592905.0,1022614797.0,2016
109,00000010193,0.0,0.0,1454988.0,43721052.0,2016
110,00000010201,267.0,0.0,2594775.0,36959392.0,2016
111,00000010208,0.0,1060627.0,4568374.0,103626864.0,2016
112,00000010223,22.0,0.0,99988910.0,1989054266.0,2016
113,00000010225,0.0,0.0,3410302.0,34431305.0,2016
114,00000010231,0.0,1459993.0,7811178.0,103424188.0,2016
115,00000010238,0.0,0.0,5266325.0,109435370.0,2016
116,00000010246,0.0,236146.0,1592148.0,33812077.0,2016
117,00000010253,0.0,0.0,34994631.0,2373488675.0,2016
118,00000010274,41.0,0.0,2461577.0,419294281.0,2016
119,00000010278,208.0,1405775.0,2494118.0,157567120.0,2016
120,00000010280,0.0,0.0,1596906.0,109681389.0,2016
121,00000010283,0.0,93505.0,1269252.0,20258594.0,2016
122,00000010284,287.0,0.0,2884569.0,173204798.0,2016
123,00000010288,175.0,0.0,1943580.0,25503120.0,2016
124,00000010289,0.0,0.0,186204.0,13400011.0,2016
125,00000010291,0.0,0.0,2850028.0,40639201.0,2016
126,00000010293,51.0,621210.0,2747411.0,47041144.0,2016
127,00000010295,221.0,0.0,4901788.0,92432441.0,2016
128,00000010299,0.0,0.0,1017471.0,19994662.0,2016
129,00000010302,233.0,322701.0,-17448672.0,120138312.0,2016
130,00000010313,34.0,656030.0,2560992.0,52259632.0,2016
131,00000010315,35.0,4373365.0,6216499.0,116399754.0,2016
132,00000010317,50.0,116208.0,2034136.0,14824045.0,2016
133,00000010322,27.0,489285.0,-938416.0,92857905.0,2016
134,00000010325,5.0,44401.0,1043952.0,27727112.0,2016
135,00000010330,0.0,302224.0,883079.0,10242337.0,2016
136,00000010334,16.0,203466.0,1961683.0,39718954.0,2016
137,00000010335,612.0,309532.0,4499033.0,55564038.0,2016
138,00000010337,0.0,0.0,14468645.0,1265592166.0,2016
139,00000010339,593.0,0.0,-11500419.0,346815087.0,2016
140,00000010346,0.0,99470.0,1661209.0,33112504.0,2016
141,00000010353,581.0,0.0,-2521430.0,160235920.0,2016
142,00000010356,0.0,393878.0,16678587.0,213350055.0,2016
143,00000010374,68.0,0.0,891132.0,8541997.0,2016
144,00000010383,0.0,188018.0,80032.0,152583216.0,2016
145,00000010392,0.0,0.0,-3503542.0,35651543.0,2016
146,00000010398,0.0,428029.0,1231812.0,29483838.0,2016
147,00000010407,150.0,72646.0,1603214.0,18666600.0,2016
148,00000010408,0.0,0.0,793307.0,8069531.0,2016
149,00000010415,0.0,2043404.0,-673295.0,56652587.0,2016
150,00000010416,12.0,0.0,780915.0,21439150.0,2016
151,00000010418,0.0,0.0,482420.0,23315326.0,2016
152,00000010420,110.0,1565669.0,2267258.0,28195388.0,2016
153,00000010422,51.0,223995.0,581566.0,10309852.0,2016
154,00000010432,244.0,2069490.0,8084637.0,634113564.0,2016
155,00000010447,0.0,0.0,882824.0,32497624.0,2016
156,00000010448,38.0,0.0,520542.0,9394357.0,2016
157,00000010453,0.0,0.0,884193.0,11503128.0,2016
158,00000010460,0.0,0.0,1131337.0,12991577.0,2016
159,00000010468,1766.0,2315512.0,5471405.0,67682590.0,2016
160,00000010470,73.0,230406.0,1165669.0,18931754.0,2016
161,00000010471,0.0,0.0,1465814.0,53401839.0,2016
162,00000010472,0.0,563404.0,987888.0,23898507.0,2016
163,00000010474,114.0,0.0,135130.0,22871871.0,2016
164,00000010475,0.0,0.0,290334.0,7641458.0,2016
165,00000010481,0.0,515527.0,298130.0,14775215.0,2016
166,00000010482,225.0,0.0,3281265.0,41853794.0,2016
167,00000010483,14.0,0.0,515384.0,7914426.0,2016
168,00000010485,22.0,0.0,221598.0,9045181.0,2016
169,00000010489,0.0,0.0,2372304.0,47539887.0,2016
170,00000010490,0.0,190992.0,1146521.0,12505135.0,2016
171,00000010494,59.0,0.0,605515.0,6891393.0,2016
172,00000010495,0.0,2262995.0,5857257.0,148607403.0,2016
173,00000010498,0.0,0.0,53609.0,7469108.0,2016
174,00000010505,0.0,44859.0,946809.0,11439502.0,2016
175,00000010517,0.0,100193.0,1546981.0,17696800.0,2016
176,00000010518,0.0,371698.0,1046744.0,17357833.0,2016
177,00000010524,0.0,0.0,3061432.0,28313282.0,2016
178,00000010525,314.0,1095965.0,-393971.0,151986707.0,2016
179,00000010530,0.0,0.0,842696.0,17483647.0,2016
180,00000010531,0.0,0.0,1273031.0,12660694.0,2016
181,00000010544,3.0,785973.0,1287653.0,29554079.0,2016
182,00000010549,0.0,0.0,563888.0,7851854.0,2016
183,00000010562,0.0,1444204.0,6582679.0,149438283.0,2016
184,00000010563,2.0,295358.0,436428.0,9810467.0,2016
185,00000010571,9.0,199533.0,422084.0,7374411.0,2016
186,00000010603,0.0,0.0,1157638.0,22160056.0,2016
187,00000010604,64.0,2134126.0,3319183.0,59097671.0,2016
188,00000010618,59.0,0.0,700818.0,25401456.0,2016
189,00000010629,0.0,0.0,950435.0,18921302.0,2016
190,00000010635,22.0,370206.0,734136.0,19719647.0,2016
191,00000010650,0.0,0.0,-158554.0,17590917.0,2016
192,00000010651,51.0,0.0,2932683.0,27603001.0,2016
193,00000010656,231.0,153686.0,2658277.0,91283301.0,2016
194,00000010675,38.0,134445.0,856556.0,26850786.0,2016
195,00000010680,44.0,331078.0,595503.0,10618311.0,2016
196,00000010685,0.0,108422.0,-1804835.0,26073826.0,2016
197,00000010690,192.0,0.0,1833271.0,29477527.0,2016
198,00000010697,0.0,0.0,712761.0,6629284.0,2016
199,00000010712,0.0,0.0,494674.0,8794501.0,2016
200,00000010715,10.0,65393.0,1483628.0,25227739.0,2016
201,00000010726,0.0,0.0,1473653.0,30041814.0,2016
202,00000010727,0.0,539847.0,432254.0,40549819.0,2016
203,00000010752,0.0,279594.0,1015570.0,21116542.0,2016
204,00000010756,400.0,0.0,-1086232.0,80835213.0,2016
205,00000010770,0.0,497989.0,807501.0,9623201.0,2016
206,00000010785,36.0,110538.0,-366703.0,15892592.0,2016
207,00000010793,52.0,377774.0,9978.0,33898189.0,2016
208,00000010795,406.0,1133400.0,7765412.0,150050614.0,2016
209,00000010804,22.0,91685.0,284048.0,9749251.0,2016
210,00000010806,27.0,132188.0,113923.0,29239339.0,2016
211,00000010818,78.0,128997.0,915553.0,8411739.0,2016
212,00000010821,0.0,197681.0,1165621.0,15589535.0,2016
213,00000010825,58.0,804667.0,2384719.0,43076997.0,2016
214,00000010826,26.0,0.0,-82460.0,8589225.0,2016
215,00000010837,107.0,0.0,1671744.0,25570827.0,2016
216,00000010865,122.0,214565.0,-225256.0,54486500.0,2016
217,00000010866,0.0,0.0,-2267614.0,156762761.0,2016
218,00000010867,0.0,0.0,-61653.0,21409452.0,2016
219,00000010873,86.0,0.0,1073466.0,62217103.0,2016
220,00000010907,20.0,2046945.0,35278.0,19088320.0,2016
221,00000010936,124.0,50523.0,1663828.0,36818553.0,2016
222,00000010957,0.0,0.0,4494788.0,109496202.0,2016
223,00000011047,27.0,0.0,2697637.0,23722242.0,2016
224,00000011050,523.0,8094672.0,134664512.0,4107919881.0,2016
225,00000011052,0.0,11727000.0,-16686053.0,607644000.0,2016
226,00000011072,36.0,173288.0,1825358.0,13137238.0,2016
227,00000011129,0.0,0.0,2487018.0,19459822.0,2016
228,00000011136,601.0,590513.0,12104156.0,235655668.0,2016
229,00000011143,0.0,223529.0,6275313.0,44152032.0,2016
230,00000011176,0.0,0.0,781939.0,14347292.0,2016
231,00000011177,32.0,0.0,1697536.0,31772011.0,2016
232,00000011184,7.0,174998.0,4746518.0,58596669.0,2016
233,00000011204,0.0,0.0,23732.0,125671597.0,2016
234,00000011218,0.0,0.0,-807172.0,10278118.0,2016
235,00000011221,0.0,419643.0,-683958.0,21528151.0,2016
236,00000011237,101.0,0.0,763804.0,15336806.0,2016
237,00000011239,17.0,314426.0,548729.0,7611848.0,2016
238,00000011257,0.0,295605.0,702202.0,21549880.0,2016
239,00000011265,0.0,0.0,430253.0,20762150.0,2016
240,00000011280,0.0,100217.0,727186.0,11483304.0,2016
241,00000011293,0.0,0.0,3550701.0,40422742.0,2016
242,00000011294,21.0,0.0,673758.0,12383052.0,2016
243,00000011296,0.0,0.0,1323902.0,31551755.0,2016
244,00000011307,0.0,506956.0,-22206515.0,172526544.0,2016
245,00000011325,212.0,275939.0,1872567.0,25596405.0,2016
246,00000011332,0.0,171259.0,408012.0,8710381.0,2016
247,00000011341,0.0,2912211.0,9654712.0,96594260.0,2016
248,00000011363,69.0,0.0,246266.0,10843687.0,2016
249,00000011368,64.0,0.0,1037545.0,14229912.0,2016
250,00000011376,0.0,0.0,272716.0,8417093.0,2016
251,00000011399,44.0,210140.0,1038176.0,16035701.0,2016
252,00000011403,281.0,313956.0,-2808601.0,27110660.0,2016
253,00000011411,62.0,224313.0,1392870.0,30259931.0,2016
254,00000011415,0.0,167858.0,488632.0,8275820.0,2016
255,00000011417,0.0,0.0,-1108366.0,6298769.0,2016
256,00000011419,0.0,0.0,327907.0,7567840.0,2016
257,00000011420,31.0,0.0,586078.0,10631402.0,2016
258,00000011423,94.0,734159.0,3758649.0,49705223.0,2016
259,00000011430,0.0,0.0,-9518601.0,144852359.0,2016
260,00000011432,0.0,385471.0,695496.0,19474976.0,2016
261,00000011437,0.0,0.0,780045.0,11353313.0,2016
262,00000011444,0.0,0.0,1125543.0,10320261.0,2016
263,00000011448,143.0,0.0,1079528.0,12415745.0,2016
264,00000011453,0.0,56702.0,2059800.0,25816602.0,2016
265,00000011460,214.0,194105.0,6747065.0,164031962.0,2016
266,00000011466,0.0,0.0,454557.0,6673942.0,2016
267,00000011489,0.0,0.0,500355.0,8047575.0,2016
268,00000011519,109.0,0.0,1678232.0,115276661.0,2016
269,00000011565,0.0,0.0,332368.0,11673606.0,2016
270,00000011580,356.0,344570.0,-3138243.0,31212265.0,2016
271,00000011594,0.0,0.0,-4505848.0,30907259.0,2016
272,00000011604,0.0,0.0,365659.0,9383084.0,2016
273,00000011609,0.0,0.0,2492673.0,24114665.0,2016
274,00000011624,0.0,0.0,790263.0,9331776.0,2016
275,00000011633,332.0,0.0,2557843.0,96877108.0,2016
276,00000011639,0.0,0.0,-78302.0,46231315.0,2016
277,00000011640,0.0,126556.0,1958367.0,23854332.0,2016
278,00000011648,204.0,0.0,1938785.0,22679448.0,2016
279,00000011661,203.0,231017.0,1240465.0,23721236.0,2016
280,00000011663,38.0,0.0,1050245.0,27572372.0,2016
281,00000011687,0.0,0.0,790898.0,12977823.0,2016
282,00000011704,176.0,0.0,-1783554.0,47466791.0,2016
283,00000011759,51.0,165014.0,1970922.0,19952518.0,2016
284,00000011885,32.0,0.0,827892.0,19713433.0,2016
285,00000011887,0.0,1018185.0,-6909444.0,176255948.0,2016
286,00000011888,0.0,681287.0,8771298.0,99802752.0,2016
287,00000011893,0.0,0.0,-183188.0,156932644.0,2016
288,00000011896,0.0,169279.0,1065059.0,31303169.0,2016
289,00000011958,0.0,0.0,251678.0,9128712.0,2016
290,00000011970,0.0,0.0,643381.0,8068078.0,2016
291,00000011979,19.0,182968.0,1677609.0,19183833.0,2016
292,00000011981,69.0,0.0,515051.0,6947960.0,2016
293,00000011985,0.0,351387.0,22514792.0,192100962.0,2016
294,00000012000,28.0,0.0,13884554.0,136730756.0,2016
295,00000012060,0.0,375021.0,2840585.0,31875036.0,2016
296,00000012063,14.0,0.0,-80243.0,15786287.0,2016
297,00000012090,0.0,504299.0,298111.0,7765515.0,2016
298,00000012099,139.0,0.0,446199.0,36902085.0,2016
299,00000012110,0.0,0.0,489763.0,10622854.0,2016
300,00000012125,27.0,134757.0,265895.0,5368117.0,2016
301,00000012141,0.0,2294459.0,492335.0,10438525.0,2016
302,00000012149,0.0,678343.0,1810869.0,19302355.0,2016
303,00000012167,0.0,0.0,330163.76,8572642.0,2016
304,00000012181,0.0,0.0,654101.0,6739512.0,2016
305,00000012189,0.0,0.0,1447624.0,26731108.0,2016
306,00000012199,0.0,0.0,1475264.0,25048873.0,2016
307,00000012218,1.0,68233.0,85439.0,25359425.0,2016
308,00000012236,0.0,0.0,11161332.0,193328115.0,2016
309,00000012263,0.0,218923.0,282869.0,23143333.0,2016
310,00000012292,0.0,0.0,169580.0,6579605.0,2016
311,00000012301,96.0,158949.0,849504.0,27624306.0,2016
312,00000012395,198.0,0.0,2823676.0,43537357.0,2016
313,00000012402,0.0,1000249.0,-11222963.0,95966897.0,2016
314,00000012436,32.0,0.0,3004736.0,43633612.0,2016
315,00000012487,0.0,0.0,45925.0,53467362.0,2016
316,00000012568,81.0,0.0,5551948.0,210012309.0,2016
317,00000012680,0.0,0.0,1207886.0,38239629.0,2016
318,00000012693,15.0,130901.0,757428.0,12236797.0,2016
319,00000012726,42.0,0.0,1930398.0,21648153.0,2016
320,00000012856,222.0,0.0,4469145.0,107584423.0,2016
321,00000012890,0.0,349038.0,2861235.0,18249839.0,2016
322,00000012927,0.0,301957.0,390704.0,9694115.0,2016
323,00000012943,0.0,545316.0,-3900164.0,68625062.0,2016
324,00000012944,0.0,321427.0,1305832.0,82064683.0,2016
325,00000012946,0.0,0.0,107633.0,7739882.0,2016
326,00000012953,0.0,270130.0,1047310.0,7529163.0,2016
327,00000012968,4.0,0.0,-1645150.0,14081836.0,2016
328,00000012970,0.0,205497.0,400615.0,7071382.0,2016
329,00000012987,0.0,425936.0,-3091211.0,44567352.0,2016
330,00000012988,0.0,46622.0,517140.0,7048412.0,2016
331,00000012990,0.0,0.0,3807980.0,41714965.0,2016
332,00000012994,0.0,70711.0,3550731.0,46099291.0,2016
333,00000013003,41.0,0.0,575126.0,11940093.0,2016
334,00000013012,0.0,237660.0,698203.0,12168060.0,2016
335,00000013052,0.0,0.0,587182.0,10970415.0,2016
336,00000013080,270.0,231992.0,14670203.0,255361703.0,2016
337,00000013085,256.0,0.0,4367196.0,74920043.0,2016
338,00000013087,0.0,0.0,1885427.0,17340321.0,2016
339,00000013107,0.0,0.0,403716.0,9590014.0,2016
340,00000013118,0.0,0.0,800473.0,12308635.0,2016
341,00000013141,0.0,127631.0,82028.0,10532479.0,2016
342,00000013152,0.0,0.0,2111178.0,37317522.0,2016
343,00000013160,0.0,0.0,11891.0,5346637.0,2016
344,00000013164,0.0,155047.0,388326.0,9327104.0,2016
345,00000013182,113.0,0.0,1225876.0,22974153.0,2016
346,00000013241,0.0,0.0,1122335.0,8940972.0,2016
347,00000013355,0.0,0.0,11553547.0,205074116.0,2016
348,00000013379,21.0,423836.0,-3626585.0,466507738.0,2016
349,00000013386,0.0,481490.0,3378523.0,35903026.0,2016
350,00000013401,121.0,2093584.0,2887468.0,21819562.0,2016
351,00000013423,0.0,683395.0,1280261.0,19008651.0,2016
352,00000013450,0.0,0.0,2110982.0,48464213.0,2016
353,00000013454,0.0,0.0,1503759.0,13064795.0,2016
354,00000013527,416.0,657047.0,6072590.0,240468831.0,2016
355,00000013559,0.0,0.0,-718331.0,17648872.0,2016
356,00000013575,0.0,195129.0,1464890.0,14809208.0,2016
357,00000013595,25.0,107289.0,9353.0,9101325.0,2016
358,00000013608,0.0,0.0,514876.0,5256576.0,2016
359,00000013632,0.0,0.0,1176405.0,17015047.0,2016
360,00000013645,97.0,0.0,1371487.0,77639997.0,2016
361,00000013651,0.0,1159475.0,4519174.0,139519437.0,2016
362,00000013729,0.0,105208.0,-386184.0,32349615.0,2016
363,00000013758,0.0,686645.0,5693764.0,92772444.0,2016
364,00000013759,0.0,183647.0,836839.0,9750146.0,2016
365,00000013807,0.0,0.0,830687.0,20956935.0,2016
366,00000013865,996.0,1514979.0,1761.0,104888045.0,2016
367,00000013872,0.0,0.0,33154257.0,658307787.0,2016
368,00000013876,0.0,0.0,160834.0,16982019.0,2016
369,00000013886,0.0,0.0,782135.0,7512264.0,2016
370,00000013890,0.0,163167.0,-1080576.0,9160921.0,2016
371,00000013892,0.0,0.0,1483455.0,32266089.0,2016
372,00000013896,0.0,286471.0,510412.0,27416665.0,2016
373,00000013900,0.0,0.0,375877.0,7617387.0,2016
374,00000014047,96.0,145341.0,81476.0,12850513.0,2016
375,00000014082,25.0,0.0,3452719.0,21101730.0,2016
376,00000014160,0.0,0.0,7579120.0,133549001.0,2016
377,00000014177,0.0,4252179.0,2023794.0,16716135.0,2016
378,00000014237,0.0,0.0,-733967.0,60324000.0,2016
379,00000014241,0.0,538947.0,-2893769.0,456283.0,2016
380,00000014263,0.0,0.0,1415870.0,35552829.0,2016
381,00000014343,212.0,0.0,-345878.0,24643180.0,2016
382,00000014365,0.0,0.0,-2779274.0,21987151.0,2016
383,00000014380,0.0,0.0,194654.0,39476821.0,2016
384,00000014473,0.0,0.0,696483.0,11885155.0,2016
385,00000014539,0.0,35156.0,-1456593.0,14938104.0,2016
386,00000014571,22.0,0.0,543728.0,9691265.0,2016
387,00000014599,0.0,0.0,479989.0,14827707.0,2016
388,00000014600,0.0,0.0,-221277.0,80395602.0,2016
389,00000014618,0.0,0.0,1841727.0,22339016.0,2016
390,00000014657,47.0,0.0,793464.0,13801384.0,2016
391,00000047282,0.0,0.0,316727.0,11443340.0,2016
392,00000047729,0.0,195781.0,-1015349.0,6373274.0,2016
393,00000047740,0.0,0.0,-1556207.0,156835872.0,2016
394,00000047742,0.0,0.0,-165466.0,109063060.0,2016
395,00000047744,0.0,264285.0,-191496.0,12509603.0,2016
396,00000047746,0.0,365515.0,1222101.0,38723308.0,2016
397,00000047747,0.0,90281.0,-1389211.0,25278004.0,2016
398,00000047748,7.0,0.0,434894.0,8302709.0,2016
399,00000047749,8.0,0.0,585624.0,24117184.0,2016
400,00000047826,0.0,69185.0,1675329.0,19025973.0,2016
401,00000048085,0.0,113031.0,0.0,22196152.0,2016
402,00000048214,139.0,576590.0,424277.0,22518774.0,2016
403,00000048330,71.0,129440.0,-1228900.0,9208631.0,2016
404,00000048331,0.0,0.0,12557.0,15883344.0,2016
405,00000048332,61.0,0.0,1569458.0,29144699.0,2016
406,00000048400,0.0,28116.0,615362.0,7348110.0,2016
407,00000048403,0.0,1382207.0,62274.0,10850415.0,2016
408,00000048526,0.0,55382.0,191224.0,7833496.0,2016
409,00000048528,0.0,0.0,41951.0,6975213.0,2016
410,00000048544,290.0,0.0,755632.0,10184442.0,2016
411,00000049266,0.0,0.0,49520.0,7550649.0,2016
412,00000113173,0.0,8682265.0,386867.0,78133.0,2016
413,00000113875,0.0,0.0,3434450.0,29258915.0,2016
414,00000113965,0.0,98890.0,248120.0,38123491.0,2016
415,00000114537,0.0,45368.0,-7735.0,13520850.0,2016
416,00000014677,0.0,0.0,308012.0,12205539.0,2016
417,00000014705,0.0,0.0,-381564.0,7082366.0,2016
418,00000014783,0.0,303868.0,-9106792.0,68170027.0,2016
419,00000014853,0.0,0.0,1211122.0,12664746.0,2016
420,00000014864,0.0,275608.0,283149.0,13911844.0,2016
421,00000014884,0.0,324810.0,486708.0,2703935.0,2016
422,00000014910,51.0,0.0,2691164.0,22946034.0,2016
423,00000014919,270.0,305937.0,499582.0,22748048.0,2016
424,00000014932,48.0,1342451.0,4137760.0,109193917.0,2016
425,00000014962,0.0,0.0,152790.0,10916871.0,2016
426,00000014999,0.0,1273420.0,864615.0,8455628.0,2016
427,00000015003,0.0,250119.0,10076488.0,141253483.0,2016
428,00000015035,2.0,114377.0,0.0,9946364.0,2016
429,00000015242,0.0,889707.0,-933253.0,46151001.0,2016
430,00000015261,0.0,0.0,-12083647.0,627741742.0,2016
431,00000015273,0.0,0.0,614909.0,24815374.0,2016
432,00000015276,2.0,0.0,452343.0,22590917.0,2016
433,00000015279,1228.0,28465156.0,17690812.0,358384098.0,2016
434,00000015320,0.0,0.0,106534.0,7799708.0,2016
435,00000015340,0.0,0.0,7620228.0,327912771.0,2016
436,00000015347,0.0,0.0,18017777.0,131268905.0,2016
437,00000015358,0.0,0.0,1790157.0,13124546.0,2016
438,00000015359,0.0,157621.0,1375579.0,20638729.0,2016
439,00000015365,111.0,0.0,838898.0,14487446.0,2016
440,00000015369,110.0,434859.0,-80749.0,63998861.0,2016
441,00000015376,0.0,0.0,-528062.0,25278335.0,2016
442,00000015405,0.0,0.0,-2557186.0,17067089.0,2016
443,00000015431,1.0,0.0,6236341.0,37250535.0,2016
444,00000015449,0.0,0.0,217309.0,7320841.0,2016
445,00000015459,0.0,0.0,4728501.0,139876358.0,2016
446,00000015473,13.0,0.0,370190.0,16264632.0,2016
447,00000015478,47.0,0.0,1085654.0,18557833.0,2016
448,00000015484,0.0,0.0,514986.0,10076071.0,2016
449,00000015506,0.0,0.0,1897328.0,30415633.0,2016
450,00000015513,0.0,0.0,118046.0,18705356.0,2016
451,00000015534,0.0,0.0,1393685.0,13566483.0,2016
452,00000015538,0.0,0.0,-419544901.0,3064966331.0,2016
453,00000015541,0.0,2102159.0,1257670.0,39579862.0,2016
454,00000015565,264.0,474871.0,-7743300.0,203714976.0,2016
455,00000015572,0.0,0.0,537530.0,19252667.0,2016
456,00000015575,0.0,0.0,24597212.0,562358625.0,2016
457,00000015589,273.0,26349096.0,6354069.0,206227247.0,2016
458,00000015592,10.0,0.0,297922.0,34771207.0,2016
459,00000015598,0.0,114000.0,1130987.0,15492310.0,2016
460,00000015609,655.0,64707.0,215453.0,32355385.0,2016
461,00000015616,43.0,0.0,14192449.0,218920180.0,2016
462,00000015620,0.0,184433.0,532852.0,6065834.0,2016
463,00000015631,0.0,0.0,381732.0,20198303.0,2016
464,00000015632,0.0,96110.0,11529311.0,43046076.0,2016
465,00000015654,195.0,0.0,-5637200.0,964080131.0,2016
466,00000015656,0.0,354953.0,1540869.0,22731646.0,2016
467,00000015686,0.0,0.0,673794.0,6153216.0,2016
468,00000015689,34.0,0.0,4634125.0,37296089.0,2016
469,00000015701,0.0,0.0,1741558.0,37445894.0,2016
470,00000015710,0.0,0.0,295915.0,11109105.0,2016
471,00000015714,18.0,0.0,126618.0,8814639.0,2016
472,00000015715,53.0,82575.0,1310866.0,41971422.0,2016
473,00000015769,0.0,125802.0,431131.0,8368842.0,2016
474,00000015813,11.0,148273.0,345084.0,10067361.0,2016
475,00000016119,0.0,0.0,504787.0,73807751.0,2016
476,00000016130,53.0,0.0,1087448.0,16054980.0,2016
477,00000016131,975.0,114678.0,-13877253.0,322089641.0,2016
478,00000016199,0.0,240060.0,2460470.0,54245731.0,2016
479,00000016214,905.0,144298951.0,39496418.0,605925802.0,2016
480,00000016218,0.0,178727.0,673509.0,13758935.0,2016
481,00000016229,0.0,0.0,8084301.0,112873838.0,2016
482,00000016233,37.0,157167.0,574106.0,13379448.0,2016
483,00000016256,67.0,0.0,571832.0,9711886.0,2016
484,00000016269,155.0,359900.0,8499394.0,58480074.0,2016
485,00000016297,67.0,1281049.0,867189.0,58346017.0,2016
486,00000016302,0.0,143418.0,2739148.0,56059677.0,2016
487,00000016316,60.0,112743.0,830977.0,14304530.0,2016
488,00000016321,299.0,662552.0,5381086.0,160740840.0,2016
489,00000016388,0.0,463350.0,118866.0,27355013.0,2016
490,00000016404,0.0,607062.0,3453612.0,22035308.0,2016
491,00000016406,0.0,0.0,804902.0,28116367.0,2016
492,00000016420,0.0,0.0,683253.0,107831881.0,2016
493,00000016423,0.0,112747.0,5461591.0,197762508.0,2016
494,00000016430,0.0,0.0,1450130.0,157537798.0,2016
495,00000016443,0.0,98790.0,-421868.0,65776904.0,2016
496,00000016448,0.0,0.0,-346571.0,17050310.0,2016
497,00000016451,0.0,0.0,-2104516.0,420760393.0,2016
498,00000016452,0.0,5038190.0,10142461.0,71385547.0,2016
499,00000016454,0.0,0.0,1362269.0,32952899.0,2016
500,00000016472,0.0,0.0,1128149.0,21306048.0,2016
501,00000016477,12.0,0.0,1464838.0,27332811.0,2016
502,00000016480,4.0,0.0,2562092.0,64114226.0,2016
503,00000016489,27.0,651221.0,-469228.0,9556149.0,2016
504,00000016507,0.0,0.0,108459.0,44658797.0,2016
505,00000016567,17.0,8253130.0,64323421.0,890027943.0,2016
506,00000016676,64.0,204837.0,1508185.0,12007221.0,2016
507,00000016790,281.0,2180409.0,4274655.0,46327648.0,2016
508,00000016806,0.0,0.0,-11624518.0,88330414.0,2016
509,00000016850,0.0,480337.0,1575993.0,35208314.0,2016
510,00000016854,36.0,0.0,3607249.0,20040272.0,2016
511,00000016868,173.0,0.0,3214477.0,182897435.0,2016
512,00000016884,0.0,0.0,-10724429.0,651383000.0,2016
513,00000016885,116.0,0.0,611850.0,216682940.0,2016
514,00000016887,50.0,126473.0,-205071.0,14941084.0,2016
515,00000016897,0.0,0.0,45774452.0,785272633.0,2016
516,00000016914,0.0,0.0,2044307.0,11285981.0,2016
517,00000016926,0.0,0.0,1685380.0,33428481.0,2016
518,00000016952,0.0,0.0,493761.0,10791081.0,2016
519,00000016990,0.0,0.0,1506122.0,39174191.0,2016
520,00000017034,92.0,220789.0,2200680.0,23856053.0,2016
521,00000017054,0.0,0.0,7599374.0,214578174.0,2016
522,00000017061,0.0,0.0,477889.0,8479369.0,2016
523,00000017093,0.0,419139.0,241743.0,57125505.0,2016
524,00000017110,0.0,0.0,885200.0,13847121.0,2016
525,00000017138,192.0,0.0,-950113.0,26652578.0,2016
526,00000017151,10.0,0.0,492852.0,9253497.0,2016
527,00000017181,0.0,0.0,-820127.0,87229560.0,2016
528,00000017232,217.0,70004.0,4350085.0,67201099.0,2016
529,00000017233,0.0,949384.0,23707374.0,359968904.0,2016
530,00000017265,338.0,419505.0,5070552.0,51961261.0,2016
531,00000017269,50.0,0.0,-709671.0,17710527.0,2016
532,00000017271,79.0,0.0,6761216.0,152582255.0,2016
533,00000017295,14.0,0.0,1196793.0,20680356.0,2016
534,00000017328,138.0,0.0,239753.0,24494458.0,2016
535,00000017375,0.0,804895.0,171610.0,14137132.0,2016
536,00000017423,0.0,162569.0,369115.0,17798917.0,2016
537,00000017466,0.0,429003.0,728094.0,16837345.0,2016
538,00000017516,1054.0,0.0,22272912.0,164069727.0,2016
539,00000017759,54.0,1605171.0,595872.0,7767216.0,2016
540,00000017765,45.0,999706.0,57345769.0,2965892298.0,2016
541,00000017802,0.0,0.0,182571.0,192525023.0,2016
542,00000017849,0.0,65807.0,1527506.0,46546868.0,2016
543,00000017854,75.0,505308.0,4339615.0,25767704.0,2016
544,00000017857,0.0,130903.0,458204.0,8915646.0,2016
545,00000017861,0.0,0.0,501438.0,9335088.0,2016
546,00000017880,163.0,0.0,4591742.0,64357739.0,2016
547,00000017891,27.0,0.0,-20682190.0,140282843.0,2016
548,00000017905,0.0,0.0,3713690.0,71483153.0,2016
549,00000017911,30.0,148408.0,1021912.0,16109664.0,2016
550,00000017912,0.0,90618.0,1396820.0,19503739.0,2016
551,00000017918,365.0,840205.0,5350141.0,115992688.0,2016
552,00000017919,0.0,154127.0,73768.0,17005747.0,2016
553,00000017947,0.0,0.0,2865082.0,28046393.0,2016
554,00000017951,0.0,0.0,185144.0,46875961.0,2016
555,00000018008,0.0,270501.0,9496722.0,171511847.0,2016
556,00000018010,0.0,111568.0,93987.0,29249640.0,2016
557,00000018023,387.0,0.0,6225720.0,78352456.0,2016
558,00000018032,1.0,0.0,-2594452.0,59428377.0,2016
559,00000018033,0.0,802131.0,2598583.0,51053034.0,2016
560,00000018037,73.0,0.0,682446.0,20809301.0,2016
561,00000018049,0.0,0.0,248084.0,8740100.0,2016
562,00000018060,250.0,0.0,4009206.0,26814453.0,2016
563,00000018061,0.0,0.0,1069695.0,13011648.0,2016
564,00000018074,0.0,0.0,18082.0,11010590.0,2016
565,00000018081,0.0,0.0,636104.0,14966606.0,2016
566,00000018096,0.0,418691.0,-1047126.0,15028635.0,2016
567,00000018108,0.0,555574.0,1589364.0,201427734.0,2016
568,00000018116,98.0,0.0,-853118.0,8824046.0,2016
569,00000018168,0.0,0.0,189304.0,8969595.0,2016
570,00000018192,0.0,0.0,1405585.0,21639293.0,2016
571,00000018197,0.0,0.0,1481516.0,25212766.0,2016
572,00000018215,0.0,0.0,5679725.0,106566911.0,2016
573,00000018226,0.0,0.0,441579.0,15392096.0,2016
574,00000018288,0.0,0.0,0.0,13173543.0,2016
575,00000018350,0.0,0.0,123706.0,73315409.0,2016
576,00000018406,0.0,97893.0,0.0,17690565.0,2016
577,00000018420,0.0,0.0,0.0,10724872.0,2016
578,00000018491,105.0,0.0,2825779.0,103628519.0,2016
579,00000018505,0.0,236602.0,1077655.0,40653490.0,2016
580,00000018521,0.0,0.0,323038.0,14263434.0,2016
581,00000018708,0.0,0.0,50802233.0,1173505353.0,2016
582,00000018807,0.0,38349.0,1114445.0,23594300.0,2016
583,00000018975,0.0,0.0,2373169.0,58760314.0,2016
584,00000019115,29.0,611811.0,94423.0,17105261.0,2016
585,00000019119,117.0,1003952.0,6872151.0,184913224.0,2016
586,00000019132,0.0,0.0,813620.0,173247685.0,2016
587,00000019158,0.0,0.0,533176.0,10159213.0,2016
588,00000019170,77.0,172303.0,797761.0,13346482.0,2016
589,00000019195,25.0,312379.0,589158.0,21641890.0,2016
590,00000019204,879.0,7577781.0,-8880650.0,1119230119.0,2016
591,00000019206,18.0,960876.0,-122646.0,14617300.0,2016
592,00000019219,200.0,0.0,5901500.0,496347269.0,2016
593,00000019224,1381.0,0.0,-6926555.0,138023652.0,2016
594,00000019233,0.0,59442.0,-15905350.0,639028003.0,2016
595,00000019244,0.0,935434.0,642709.0,39621676.0,2016
596,00000019245,0.0,702219.0,1047650.0,40169818.0,2016
597,00000019246,22.0,0.0,862316.0,23919550.0,2016
598,00000019249,0.0,0.0,38491.0,9486437.0,2016
599,00000019252,144.0,124536.0,-2262938.0,24197770.0,2016
600,00000019274,61.0,0.0,51098515.0,1396137192.0,2016
601,00000019281,0.0,0.0,491367.0,11153991.0,2016
602,00000019291,0.0,0.0,2059400.0,21382925.0,2016
603,00000019295,230.0,108966.0,2102183.0,54832887.0,2016
604,00000019301,16.0,0.0,-944500.0,11620119.0,2016
605,00000019321,0.0,0.0,80362.0,6928995.0,2016
606,00000019323,0.0,146052.0,488938.0,8701513.0,2016
607,00000019373,0.0,0.0,81478.0,41015199.0,2016
608,00000019386,0.0,527853.0,5813891.0,132050569.0,2016
609,00000019407,600.0,894460.0,6978372.0,343332004.0,2016
610,00000019414,111.0,0.0,-1163470.0,58867771.0,2016
611,00000019472,0.0,0.0,2096160.0,-2457700.0,2016
612,00000019499,19.0,0.0,1962307.0,78870417.0,2016
613,00000019533,0.0,321473.0,-134812.0,7794945.0,2016
614,00000019537,91.0,352068.0,975936.0,16100493.0,2016
615,00000019555,0.0,0.0,480291.0,14117815.0,2016
616,00000019562,13.0,0.0,590430.0,7634749.0,2016
617,00000019573,33.0,125131.0,668707.0,15564115.0,2016
618,00000019612,0.0,511525.0,1769882.0,17183990.0,2016
619,00000019635,29.0,383884.0,983032.0,19622932.0,2016
620,00000019639,0.0,334057.0,634420.0,7068046.0,2016
621,00000019791,0.0,0.0,-1167074.0,7870647.0,2016
622,00000019873,0.0,0.0,624959.0,10382951.0,2016
623,00000019885,0.0,0.0,641136.0,8995675.0,2016
624,00000020022,83.0,0.0,87504.0,8591972.0,2016
625,00000020064,84.0,1616039.0,2891075.0,22889617.0,2016
626,00000020329,0.0,293900.0,980665.0,9047724.0,2016
627,00000020650,0.0,2573764.0,2395161.0,16942609.0,2016
628,00000020904,0.0,351513.0,440381.0,7652116.0,2016
629,00000021171,0.0,0.0,1028402.0,30180555.0,2016
630,00000021208,1217.0,3897612.0,15092110.0,130486881.0,2016
631,00000021255,0.0,0.0,-874125.0,36811416.0,2016
632,00000021366,0.0,218969.0,1666394.0,17082601.0,2016
633,00000021380,0.0,0.0,323123.0,2565275.0,2016
634,00000021393,120.0,1259882.0,2186435.0,38423851.0,2016
635,00000021405,0.0,0.0,233930.0,9961544.0,2016
636,00000021407,0.0,0.0,290264.0,14887684.0,2016
637,00000021424,0.0,734174.0,-977435.0,72274869.0,2016
638,00000021484,28.0,0.0,2294300.0,47930472.0,2016
639,00000021491,0.0,0.0,547222.0,7211930.0,2016
640,00000021500,0.0,137912.0,-1516978.0,12456898.0,2016
641,00000021509,0.0,0.0,2479351.0,20666850.0,2016
642,00000021513,59.0,840917.0,307203.0,23612510.0,2016
643,00000021543,0.0,265176.0,8824517.0,51173748.0,2016
644,00000021585,0.0,164318.0,686473.0,13452569.0,2016
645,00000021619,0.0,0.0,440631.0,50588124.0,2016
646,00000021639,0.0,0.0,16571560.0,129874806.0,2016
647,00000021657,0.0,0.0,33333.0,32151561.0,2016
648,00000021672,5.0,8817765.0,3268682.0,54202971.0,2016
649,00000021676,33.0,0.0,1215207.0,23598337.0,2016
650,00000021679,21.0,571264.0,4798069.0,120013270.0,2016
651,00000021681,120.0,502539.0,1895038.0,117902872.0,2016
652,00000021699,0.0,295371.0,3438576.0,95902661.0,2016
653,00000021701,0.0,0.0,-6110684.0,20571125.0,2016
654,00000021705,41.0,168346.0,573842.0,7540624.0,2016
655,00000021713,25.0,0.0,-1416895.0,352477373.0,2016
656,00000021743,85.0,0.0,1373389.0,27972282.0,2016
657,00000021758,0.0,651595.0,816243.0,18093960.0,2016
658,00000021761,0.0,82863.0,1773364.0,29238138.0,2016
659,00000021777,0.0,0.0,2066633.0,43710784.0,2016
660,00000021791,23.0,0.0,303150.0,8396262.0,2016
661,00000021809,0.0,0.0,-215490.0,20016517.0,2016
662,00000021834,0.0,0.0,663678.0,13673190.0,2016
663,00000021855,0.0,52790.0,500412.0,6802897.0,2016
664,00000022227,0.0,1063302.0,1507474.0,28871606.0,2016
665,00000022426,0.0,0.0,1798055.0,26121449.0,2016
666,00000022512,0.0,5263723.0,1096141.0,24524229.0,2016
667,00000022863,0.0,0.0,3816394.0,9709769.0,2016
668,00000023134,0.0,0.0,1312802.0,24612118.0,2016
669,00000023340,6.0,0.0,24143.0,202522382.0,2016
670,00000023635,0.0,0.0,737042.0,16738075.0,2016
671,00000023689,0.0,0.0,-368346.0,11570671.0,2016
672,00000023723,0.0,0.0,572136.0,20352470.0,2016
673,00000023736,57.0,0.0,1044683.0,19104152.0,2016
674,00000023784,0.0,0.0,0.0,62233083.0,2016
675,00000023808,0.0,0.0,77629.0,7135089.0,2016
676,00000023898,0.0,0.0,1184104.0,336034504.0,2016
677,00000023928,30.0,0.0,185822.0,10637364.0,2016
678,00000024299,0.0,60741.0,378929.0,7707143.0,2016
679,00000024326,0.0,0.0,355219.0,7661607.0,2016
680,00000024462,0.0,1198830.0,163275.0,21833427.0,2016
681,00000024503,0.0,0.0,2526173.0,23059653.0,2016
682,00000024525,0.0,0.0,18064505.0,457554295.0,2016
683,00000024552,51.0,0.0,515183.0,11769322.0,2016
684,00000024566,0.0,0.0,366620.0,23429298.0,2016
685,00000024584,0.0,0.0,373417.0,19227704.0,2016
686,00000024637,0.0,1639378.0,1373964.0,15964263.0,2016
687,00000024676,150.0,124859.0,3045046.0,157076174.0,2016
688,00000024677,20.0,0.0,-32465037.0,230497479.0,2016
689,00000024696,0.0,0.0,2177760.0,19319392.0,2016
690,00000024705,0.0,0.0,192370.0,22722085.0,2016
691,00000024719,0.0,0.0,-893367.0,9332142.0,2016
692,00000024756,0.0,67637.0,1298238.0,42656938.0,2016
693,00000024778,0.0,2365006.0,-43273078.0,571183464.0,2016
694,00000024782,0.0,0.0,1757081.0,19536517.0,2016
695,00000024807,0.0,0.0,1205617.0,9923174.0,2016
696,00000024821,0.0,99485.0,290328.0,18005044.0,2016
697,00000024831,14.0,0.0,773394.0,8672134.0,2016
698,00000024832,0.0,0.0,7227904.0,50757286.0,2016
699,00000024833,612.0,0.0,2398814.0,14493533.0,2016
700,00000024858,0.0,0.0,1638893.0,24045156.0,2016
701,00000024875,0.0,70636.0,256203.0,26258999.0,2016
702,00000024877,0.0,0.0,933205.0,33718779.0,2016
703,00000024883,0.0,289813.0,736766.0,11293087.0,2016
704,00000024925,13.0,0.0,300751.0,7518415.0,2016
705,00000024927,164.0,0.0,4510310.0,73588270.0,2016
706,00000024949,0.0,0.0,2055154.0,26078227.0,2016
707,00000024963,0.0,0.0,-1857758.0,15182575.0,2016
708,00000024992,0.0,177716.0,500216.0,21093504.0,2016
709,00000024997,0.0,0.0,58331651.0,371780788.0,2016
710,00000025024,0.0,0.0,146433.0,23824362.0,2016
711,00000025059,161.0,269404.0,701402.0,30845546.0,2016
712,00000025082,66.0,80441.0,2062339.0,21237638.0,2016
713,00000025088,0.0,184870.0,4006.0,24821762.0,2016
714,00000025104,160.0,465581.0,790922.0,59719192.0,2016
715,00000025125,0.0,0.0,682135.0,8133500.0,2016
716,00000025133,2.0,0.0,736443.0,10342136.0,2016
717,00000025166,23.0,0.0,922146.0,15320619.0,2016
718,00000025171,0.0,279463.0,986016.0,18404760.0,2016
719,00000025255,0.0,135462.0,-6495846.0,57400462.0,2016
720,00000025272,128.0,0.0,1119986.0,20090738.0,2016
721,00000025314,0.0,0.0,111585.0,15418264.0,2016
722,00000025316,0.0,0.0,528629.0,13450329.0,2016
723,00000025320,0.0,130950.0,-3986659.0,30843161.0,2016
724,00000025329,8.0,0.0,2546109.0,62897513.0,2016
725,00000025353,0.0,360011.0,-2397971.0,40125020.0,2016
726,00000025370,0.0,231638.0,21313100.0,61809349.0,2016
727,00000025374,5.0,1335065.0,1517647.0,5931142.0,2016
728,00000025402,0.0,0.0,397407.0,57884259.0,2016
729,00000025418,0.0,0.0,82617.0,29944991.0,2016
730,00000025458,0.0,0.0,5817791.0,146266289.0,2016
731,00000025462,0.0,2008568.0,1861775.0,86441584.0,2016
732,00000025471,0.0,0.0,205135.0,24296983.0,2016
733,00000025472,0.0,0.0,2991626.0,24768044.0,2016
734,00000025528,0.0,65062.0,1333645.0,45490076.0,2016
735,00000025538,0.0,362509.0,124199.0,9519471.0,2016
736,00000025552,28.0,536885.0,767624.0,11318539.0,2016
737,00000025562,0.0,0.0,-7070795.0,104784545.0,2016
738,00000025567,0.0,230031.0,1005397.0,17446830.0,2016
739,00000025618,0.0,0.0,1675882.0,39892864.0,2016
740,00000025624,0.0,300756.0,-236642.0,20710327.0,2016
741,00000025651,0.0,350910.0,4154521.0,67819984.0,2016
742,00000025704,0.0,0.0,1206728.0,15968169.0,2016
743,00000025758,1047.0,0.0,4164444.0,69459895.0,2016
744,00000025798,0.0,0.0,17809.0,15939167.0,2016
745,00000025864,0.0,235794.0,3108985.0,58738153.0,2016
746,00000025874,69.0,73669.0,322112.0,9285970.0,2016
747,00000025879,11.0,0.0,353217.0,39553340.0,2016
748,00000025907,59.0,0.0,1060391.0,20566036.0,2016
749,00000025927,70.0,0.0,152444.0,7954313.0,2016
750,00000025976,0.0,0.0,236527.0,10700384.0,2016
751,00000025981,0.0,0.0,1905419.0,24459222.0,2016
752,00000025987,0.0,203388.0,414266.0,7867114.0,2016
753,00000025995,0.0,257793.0,-1819427.0,15574947.0,2016
754,00000026002,0.0,349107.0,1230550.0,53507778.0,2016
755,00000026017,212.0,0.0,1354347.0,13582530.0,2016
756,00000026036,1116.0,1039974.0,15299543.0,593677178.0,2016
757,00000026045,0.0,0.0,-14005280.0,85076117.0,2016
758,00000026079,0.0,112281.0,853661.0,9495325.0,2016
759,00000026087,0.0,0.0,1694619.0,10393486.0,2016
760,00000026144,0.0,0.0,1760956.0,77704061.0,2016
761,00000026155,0.0,89232.0,-1399897.0,104170365.0,2016
762,00000026187,0.0,336348.0,-1549996.0,37734154.0,2016
763,00000026217,0.0,0.0,692646.0,11930053.0,2016
764,00000026223,0.0,2357200.0,480018.0,13786136.0,2016
765,00000026226,142.0,694506.0,555446.0,35192775.0,2016
766,00000026267,0.0,194671.0,40017.0,6760197.0,2016
767,00000026305,0.0,0.0,-2222253.0,23739893.0,2016
768,00000026309,0.0,0.0,4900029.0,79982541.0,2016
769,00000026319,0.0,522473.0,661359.0,7583491.0,2016
770,00000026363,0.0,0.0,-14791426.0,15860367.0,2016
771,00000026479,154.0,1325946.0,1484114.0,14844201.0,2016
772,00000026485,680.0,0.0,-28076237.0,103681550.0,2016
773,00000026493,0.0,0.0,1228055.0,22762553.0,2016
774,00000026511,0.0,0.0,50037.0,16966075.0,2016
775,00000026551,23.0,0.0,686832.0,32836102.0,2016
776,00000026590,4.0,0.0,-630271.0,12295416.0,2016
777,00000026602,0.0,0.0,2447503.0,21140538.0,2016
778,00000026625,0.0,0.0,24717.0,16143000.0,2016
779,00000026675,0.0,495432.0,2152076.0,23506979.0,2016
780,00000026680,0.0,58121.0,3962982.0,80693912.0,2016
781,00000026713,0.0,0.0,892881.0,9451069.0,2016
782,00000026746,85.0,0.0,476637.0,23084650.0,2016
783,00000026811,0.0,0.0,549423.0,7449284.0,2016
784,00000026826,0.0,0.0,351298.0,6762687.0,2016
785,00000026837,0.0,147985.0,505615.0,28210107.0,2016
786,00000026846,0.0,67818.0,-796859.0,54468702.0,2016
787,00000026878,0.0,163359.0,710561.0,10994110.0,2016
788,00000026904,0.0,320195.0,1532970.0,58086118.0,2016
789,00000026926,67.0,0.0,3717914.0,50129708.0,2016
790,00000026929,0.0,455586.0,3591284.0,47231617.0,2016
791,00000026979,0.0,194946.0,16546.0,8490505.0,2016
792,00000026987,0.0,326891.0,276643.0,101760964.0,2016
793,00000027088,0.0,0.0,-1321036.0,110398601.0,2016
794,00000027090,0.0,0.0,245648.0,9602719.0,2016
795,00000027104,0.0,84940.0,1551760.0,54101890.0,2016
796,00000027110,0.0,0.0,1228023.0,14294048.0,2016
797,00000027134,0.0,0.0,2223609.0,82041721.0,2016
798,00000027145,0.0,0.0,-990042.0,8847661.0,2016
799,00000027153,3.0,0.0,238763.0,9959097.0,2016
800,00000027205,0.0,386222.0,375489.0,11725327.0,2016
801,00000027289,1.0,0.0,-7762778.0,375695958.0,2016
802,00000027313,2.0,0.0,-1100784.0,9184872.0,2016
803,00000027314,0.0,262353.0,253377.0,37343232.0,2016
804,00000027333,98.0,0.0,1667785.0,63960085.0,2016
805,00000027353,0.0,0.0,600787.0,10292123.0,2016
806,00000027359,0.0,159500.0,1292572.0,12434587.0,2016
807,00000027390,123.0,0.0,-4911265.0,432015836.0,2016
808,00000027415,0.0,209307.0,802553.0,34625485.0,2016
809,00000027425,18.0,117985.0,-960008.0,14669545.0,2016
810,00000027458,0.0,0.0,798648.0,9815669.0,2016
811,00000027464,0.0,0.0,-5994713.0,88532623.0,2016
812,00000027506,0.0,0.0,609316.0,16231358.0,2016
813,00000027522,0.0,2757226.0,2307885.0,26643678.0,2016
814,00000027531,0.0,509639.0,295882.0,17575534.0,2016
815,00000027557,0.0,107744.0,1770011.0,38292548.0,2016
816,00000027575,0.0,342124.0,547604.0,2939572.0,2016
817,00000027639,0.0,260488.0,355937.0,5444514.0,2016
818,00000027651,0.0,152012.0,646974.0,5567322.0,2016
819,00000027664,0.0,0.0,3437919.0,46014203.0,2016
820,00000027675,0.0,213046.0,295024.0,10424520.0,2016
821,00000027700,26.0,1163020.0,451088.0,77628765.0,2016
822,00000027779,97.0,0.0,-1814797.0,20548141.0,2016
823,00000027866,0.0,0.0,709416.0,17587490.0,2016
824,00000027893,40.0,0.0,289915.0,11205201.0,2016
825,00000027939,0.0,0.0,5060372.0,45336581.0,2016
826,00000027940,0.0,634884.0,986386.0,24938863.0,2016
827,00000027963,0.0,587157.0,686002.0,12745361.0,2016
828,00000027981,0.0,140683.0,-356872.0,13084420.0,2016
829,00000028003,0.0,0.0,0.0,62781364.0,2016
830,00000028017,738.0,264919.0,2317707.0,112512279.0,2016
831,00000028024,55.0,188823.0,865710.0,26690153.0,2016
832,00000028029,0.0,75878.0,856917.0,19538887.0,2016
833,00000028036,29.0,0.0,341385.0,19371503.0,2016
834,00000028045,0.0,0.0,524126.0,6482326.0,2016
835,00000028060,0.0,1314732.0,1327915.0,12863604.0,2016
836,00000028106,0.0,0.0,3530417.0,53728851.0,2016
837,00000028114,0.0,0.0,5371353.0,103756699.0,2016
838,00000028156,0.0,0.0,1599846.0,13242879.0,2016
839,00000028198,0.0,0.0,-710131.0,76636991.0,2016
840,00000028223,0.0,279533.0,2627421.0,29499403.0,2016
841,00000028225,50.0,5784923.0,1087755.0,33189768.0,2016
842,00000028235,0.0,0.0,990521.0,30555545.0,2016
843,00000028250,0.0,98384.0,373117.0,3733109.0,2016
844,00000028251,0.0,80720.0,230383.0,9366425.0,2016
845,00000028302,0.0,0.0,6840198.0,91000099.0,2016
846,00000028332,0.0,120039.0,75539.0,10305993.0,2016
847,00000028599,0.0,0.0,52815.0,11829218.0,2016
848,00000028641,0.0,0.0,2322775.0,55907952.0,2016
849,00000028653,8.0,701733.0,767769.0,5594703.0,2016
850,00000028688,3.0,853401.0,-2946780.0,59255270.0,2016
851,00000028714,0.0,0.0,2785304.0,43256031.0,2016
852,00000028769,192.0,0.0,2801641.0,43389984.0,2016
853,00000028776,0.0,81121.0,875486.0,20891103.0,2016
854,00000028790,0.0,215697.0,-291326.0,10565263.0,2016
855,00000028823,0.0,0.0,598226.0,14151309.0,2016
856,00000028837,0.0,393657.0,2940261.0,9997894.0,2016
857,00000028838,0.0,350217.0,540415.0,9007963.0,2016
858,00000028872,0.0,383805.0,136590.0,11364947.0,2016
859,00000028878,60.0,891010.0,1000418.0,25589154.0,2016
860,00000029068,78.0,0.0,-29023373.0,209848264.0,2016
861,00000114743,0.0,0.0,558353.0,16486532.0,2016
862,00000114993,0.0,0.0,933529.0,16051434.0,2016
863,00000115208,53.0,352399.0,1074189.0,12902405.0,2016
864,00000115234,0.0,179884.0,311949.0,10014227.0,2016
865,00000115409,0.0,224659.0,-11331136.0,65885632.0,2016
866,00000115801,0.0,0.0,-1098174.0,16491760.0,2016
867,00000116162,0.0,0.0,393876.0,11675144.0,2016
868,00000029545,0.0,1424777.0,2213345.0,35161968.0,2016
869,00000030073,0.0,637355.0,904689.0,25684614.0,2016
870,00000030074,0.0,0.0,705431.0,14937803.0,2016
871,00000030191,0.0,135711.0,-100450.0,7305134.0,2016
872,00000030196,0.0,0.0,168800.0,2399828.0,2016
873,00000030345,0.0,0.0,578957.0,13465035.0,2016
874,00000030405,0.0,90550.0,336718.0,9101283.0,2016
875,00000030417,0.0,0.0,32236.0,14761052.0,2016
876,00000030553,0.0,46132.0,-79287.0,19815164.0,2016
877,00000030668,40.0,139202.0,172780.0,15032424.0,2016
878,00000030682,0.0,0.0,810363.0,9661355.0,2016
879,00000030807,0.0,0.0,449777.0,8040257.0,2016
880,00000030909,0.0,640963.0,1388018.0,44545610.0,2016
881,00000030935,56.0,104945.0,464536.0,17000954.0,2016
882,00000030947,0.0,0.0,554089.0,15335764.0,2016
883,00000031143,13.0,0.0,1519394.0,28192918.0,2016
884,00000031302,0.0,514250.0,112180.0,35137717.0,2016
885,00000031437,0.0,66143.0,424757.0,9006509.0,2016
886,00000031631,0.0,0.0,579782.0,7024539.0,2016
887,00000031943,0.0,0.0,-4219640.0,24954369.0,2016
888,00000031976,0.0,0.0,435464.0,17510674.0,2016
889,00000032131,0.0,0.0,391162.0,11304822.0,2016
890,00000032175,0.0,1084625.0,-9989693.0,112903178.0,2016
891,00000032373,310.0,46113151.0,22032749.0,199878387.0,2016
892,00000032379,0.0,0.0,178010.0,50595619.0,2016
893,00000032598,1.0,0.0,313720.0,8632819.0,2016
894,00000032882,0.0,0.0,68366.0,8793990.0,2016
895,00000032887,0.0,218839.0,130950.0,15887133.0,2016
896,00000032901,0.0,0.0,2255520.0,127371583.0,2016
897,00000033073,0.0,1350449.0,-5461711.0,46124504.0,2016
898,00000033099,0.0,0.0,70037.0,7723139.0,2016
899,00000033117,83.0,0.0,0.0,25847090.0,2016
900,00000033194,143.0,0.0,2071469.0,8410091.0,2016
901,00000033205,0.0,0.0,-1115353.0,13450566.0,2016
902,00000033307,0.0,0.0,454328.0,16268721.0,2016
903,00000033414,20.0,0.0,1289375.0,6740487.0,2016
904,00000033456,0.0,0.0,46017.0,4407932.0,2016
905,00000033545,0.0,0.0,9287599.0,140596020.0,2016
906,00000033560,0.0,868157.0,592356.0,18693003.0,2016
907,00000033712,0.0,174528.0,98739.0,7298820.0,2016
908,00000033739,0.0,0.0,-289441.0,10019924.0,2016
909,00000034175,0.0,0.0,-740840.0,7124762.0,2016
910,00000108669,0.0,391033.0,1816431.0,14938127.0,2016
911,00000108670,0.0,0.0,-767366.0,43036546.0,2016
912,00000108875,0.0,0.0,1092384.0,11227902.0,2016
913,00000109173,0.0,2313533.0,944100.0,11011542.0,2016
914,00000118967,0.0,70271.0,771272.0,15803056.0,2016
915,00000109591,0.0,0.0,262075.0,16837225.0,2016
916,00000109689,31.0,93943.0,1006727.0,11145359.0,2016
917,00000109716,0.0,132314.0,463447.0,8480291.0,2016
918,00000109779,0.0,0.0,401915.0,4767987.0,2016
919,00000109817,0.0,0.0,-185243.0,6779832.0,2016
920,00000109930,0.0,0.0,340894.0,13611665.0,2016
921,00000110127,0.0,3907541.0,1876923.0,13693559.0,2016
922,00000110589,0.0,41150.0,15727.0,17844394.0,2016
923,00000110718,887.0,0.0,721754.0,118726399.0,2016
924,00000110724,0.0,0.0,2606952.0,16175560.0,2016
925,00000110733,108.0,0.0,1062618.0,25869012.0,2016
926,00000110779,16.0,0.0,1710237.0,26040805.0,2016
927,00000110780,0.0,0.0,560782.0,22029879.0,2016
928,00000110818,0.0,0.0,3177922.0,22502760.0,2016
929,00000111042,0.0,0.0,358149.0,10126237.0,2016
930,00000112630,0.0,0.0,266231.0,15305773.0,2016
931,00000112709,0.0,0.0,2960439.0,11660777.0,2016
932,00000119435,0.0,0.0,217113.0,6538616.0,2016
933,00000119537,0.0,0.0,1299325.0,24171834.0,2016
934,00000119707,0.0,59014.0,568574.0,8829465.0,2016
935,00000119711,0.0,0.0,832727.0,7504217.0,2016
936,00000120326,7.0,0.0,-3368696.0,25049076.0,2016
937,00000120343,0.0,155633.0,1045865.0,9877228.0,2016
938,00000120438,0.0,0.0,18665.0,7822212.0,2016
939,00000120477,0.0,0.0,-1150830.0,22412732.0,2016
940,00000120506,0.0,0.0,858494.0,35445543.0,2016
941,00000120510,0.0,0.0,949578.0,72600855.0,2016
942,00000120566,0.0,0.0,215412.0,16750391.0,2016
943,00000120611,0.0,0.0,69035.0,7639259.0,2016
944,00000120715,597.0,0.0,6333877.0,96605581.0,2016
945,00000120735,0.0,0.0,-371818.0,7663984.0,2016
946,00000120743,0.0,0.0,507920.0,12570010.0,2016
947,00000120863,0.0,0.0,-436821.0,6637853.0,2016
948,00000120909,0.0,0.0,473950.0,16008019.0,2016
949,00000121209,0.0,0.0,934229.0,9740041.0,2016
950,00000121297,0.0,0.0,-991133.0,11692331.0,2016
951,00000121395,0.0,0.0,647802.0,8695775.0,2016
952,00000121411,7.0,0.0,-2596420.0,19460263.0,2016
953,00000121413,0.0,282971.0,1666306.0,10125490.0,2016
954,00000121578,0.0,0.0,69659.0,86217951.0,2016
955,00000121716,0.0,83456.0,-110652.0,13040754.0,2016
956,00000121775,5.0,0.0,280131.0,1364301.0,2016
957,00000121918,11.0,0.0,287339.0,10976098.0,2016
958,00000121935,0.0,0.0,22926.0,9334356.0,2016
959,00000121955,0.0,0.0,962375.0,5199964.0,2016
960,00000121956,0.0,0.0,4238918.0,32108857.0,2016
961,00000121963,0.0,0.0,258964.0,3829643.0,2016
962,00000122114,525.0,203027.0,-10153684.0,49372246.0,2016
963,00000122125,0.0,0.0,59734.0,5956835.0,2016
964,00000122138,0.0,0.0,636738.0,15384580.0,2016
965,00000122310,51.0,0.0,872849.0,5625397.0,2016
966,00000122396,0.0,0.0,1978636.0,24177456.0,2016
967,00000122451,0.0,95159.0,332851.0,8224405.0,2016
968,00000122505,0.0,0.0,4214572.0,235880647.0,2016
969,00000122510,0.0,0.0,8403344.0,153990991.0,2016
970,00000122538,0.0,0.0,810156.0,4235028.0,2016
971,00000122611,200.0,643220.0,2136991.0,23563422.0,2016
